paper number,DOI,year,deposited_material (accurate),deposited_material,deposited_material(elements),RE,WE,WE(element),Electrolyte,El_conc,A_concentration,scan_rate,pH,Pot_Onset_V(E_used),Pot_Ox_V(E_used),current_density,onset_pot,ox_pot,ox_onset
1,https://doi.org/10.1016/j.jece.2019.102922,2019,"Pt0,5_Ni0,5_Oy/Ti",Pt_Ni_O,Pt_Ni_O,RHE,Ti,Ti,NaOH,1,1,10,"13,79","0,42","1,04","42,7","-0,406","0,214","0,62"
2,https://doi.org/10.1002/celc.201402291,2014,Ptt,Pt,Pt,RHE,Pt,Pt,H2SO4,"0,5","0,2",50,"0,59","0,68","0,84","0,425","0,64519","0,80519","0,16"
3,https://doi.org/10.20964/2018.10.03,2018,NiCo2O4/G,Ni_Co_O_G,Ni_Co_O_C,SCE,GE,C,KOH,1,1,5,"13,79","0,232","0,4",55,"0,476","0,644","0,168"
3,https://doi.org/10.20964/2018.10.03,2018,Au(20wt%)/G,Au_G,Au_C,SCE,GE,C,KOH,1,1,5,"13,79","-0,412","0,13","24,52","-0,168","0,374","0,542"
3,https://doi.org/10.20964/2018.10.03,2018,Au/NiCo2O4(wt 6:1)/HPG,Au_Ni_Co_O_G,Au_Ni_Co_O_C,SCE,GE,C,KOH,1,1,5,"13,79","-0,52","0,088","99,2","-0,276","0,332","0,608"
4,https://doi.org/10.1016/j.matpr.2017.12.386,2017,Pd/C,Pd_C,Pd_C,Ag/AgCl,GCD,C,KOH,"0,5",1,50,"13,89","-0,332","-0,06","9,18","-0,133","0,139","0,272"
4,https://doi.org/10.1016/j.matpr.2017.12.386,2017,Pd-Au/C cored,Pd_Au,Pd_Au,Ag/AgCl,GCD,C,KOH,"0,5",1,50,"13,89","-0,398","0,07","52,1","-0,199","0,269","0,468"
4,https://doi.org/10.1016/j.matpr.2017.12.386,2017,Au/C,Au_C,Au_C,Ag/AgCl,GCD,C,KOH,"0,5",1,50,"13,89","-0,243","0,4","40,4","-0,044","0,599","0,643"
5,https://doi.org/10.1039/c9ra09896h,2020,Pt� NiCo2O4 (wt 10 : 1)/HPG,Pt_Ni_Co_O_G,Pt_Ni_Co_O_C,SCE,GE,C,KOH,1,1,5,"13,79","-0,648","-0,35","52,36","-0,404","-0,106","0,298"
5,https://doi.org/10.1039/c9ra09896h,2020,Pt (30 wt%)/HPG,Pt_G,Pt_C,SCE,GE,C,KOH,1,1,5,"13,79","-0,623","-0,315","35,78","-0,379","-0,071","0,308"
6,https://doi.org/10.1007/s12678-022-00754-2,2022,Ni66Ag34/rGO,Ni_Ag_rGO,Ni_Ag_O_C,Ag/AgCl,GCE,C,NaOH,1,"0,1",20,"12,71","0,25","0,534","62,9","0,449","0,733","0,284"
5,https://doi.org/10.1039/c9ra09896h,2020,"Pt/C (E-TEK, 30%wt)",Pt_C,Pt,SCE,GCD,Pt,KOH,1,1,5,"13,79","-0,571","-0,285","18,42","-0,327","-0,041","0,286"
7,https://doi.org/10.55730/1300-0527.3506,2022,Pd/C(20 wt.% Pd),Pd_C,Pd_C,Ag/AgCl,GCD,Pd_C,KOH,"0,5","0,5",50,"13,56","-0,368","-0,0375","8,56","-0,169","0,1615","0,3305"
6,https://doi.org/10.1007/s12678-022-00754-2,2022,Ni66Ag34/rGO,Ni_Ag_rGO,Ni_Ag_O_C,Ag/AgCl,GCE,C,NaOH,"0,34","0,1",20,"12,88","0,385","0,835","47,9","0,584","1,034","0,45"
7,https://doi.org/10.55730/1300-0527.3506,2022,PdCu150,Pd_Cu,Pd_Cu,Ag/AgCl,GCE,C,KOH,"0,5","0,5",50,"13,56","-0,5","0,048","36,02","-0,301","0,247","0,548"
6,https://doi.org/10.1007/s12678-022-00754-2,2022,Ni66Ag34/rGO,Ni_Ag_rGO,Ni_Ag_O_C,Ag/AgCl,GCE,C,NaOH,1,"0,2",20,"13,02","0,25","0,652","91,67","0,449","0,851","0,402"
6,https://doi.org/10.1007/s12678-022-00754-2,2022,Ni66Ag34/rGO,Ni_Ag_rGO,Ni_Ag_O_C,Ag/AgCl,GCE,C,NaOH,1,"0,3",20,"13,21","0,25","0,744","115,28","0,449","0,943","0,494"
6,https://doi.org/10.1007/s12678-022-00754-2,2022,Ni66Ag34/rGO,Ni_Ag_rGO,Ni_Ag_O_C,Ag/AgCl,GCE,C,NaOH,1,"0,5",20,"13,45","0,25","0,773","129,17","0,449","0,972","0,523"
6,https://doi.org/10.1007/s12678-022-00754-2,2022,Ni66Ag34/rGO,Ni_Ag_rGO,Ni_Ag_O_C,Ag/AgCl,GCE,C,NaOH,1,"0,4",20,"13,34","0,25","0,774","125,14","0,449","0,973","0,524"
8,https://doi.org/10.1007/s10853-022-07471-7,2022,an-AT,Au_Ti_O,Ti_O_Au,Ag/AgCl,SELF,Ti_O,NaOH,"0,1","0,5",50,"13,67","-0,15","0,6","13,956","0,049","0,799","0,75"
8,https://doi.org/10.1007/s10853-022-07471-7,2022,an-ACT,Au_Cu_Ti_O,Ti_O_Au_Cu,Ag/AgCl,SELF,Ti_O,NaOH,"0,1","0,5",50,"13,67","-0,087","0,3","4,56","0,112","0,499","0,387"
9,https://doi.org/10.1039/C9NR10084A,2020,Pd/C,Pd_C,Pd_C,Ag/AgCl,GCE,Pd_C,KOH,1,1,50,"13,79","-0,34","-0,15","4,04","-0,141","0,049","0,19"
9,https://doi.org/10.1039/C9NR10084A,2020,Pd NSA,Pd,Pd,Ag/AgCl,GCE,C,KOH,1,1,50,"13,79","-0,4","-0,142","2,89","-0,201","0,057","0,258"
9,https://doi.org/10.1039/C9NR10084A,2020,PdSn NSA,Pd_Sn,Pd_Sn,Ag/AgCl,GCE,C,KOH,1,1,50,"13,79","-0,4","-0,11","5,57","-0,201","0,089","0,29"
9,https://doi.org/10.1039/C9NR10084A,2020,PdBi NSA,Pd_Bi,Pd_Bi,Ag/AgCl,GCE,C,KOH,1,1,50,"13,79","-0,32","-0,01","7,87","-0,121","0,189","0,31"
9,https://doi.org/10.1039/C9NR10084A,2020,PdGa NSA,Pd_Ga,Pd_Ga,Ag/AgCl,GCE,C,KOH,1,1,50,"13,79","-0,4","-0,084","5,06","-0,201","0,115","0,316"
9,https://doi.org/10.1039/C9NR10084A,2020,PdIn NSA,Pd_In,Pd_In,Ag/AgCl,GCE,C,KOH,1,1,50,"13,79","-0,4","-0,048","5,6","-0,201","0,151","0,352"
9,https://doi.org/10.1039/C9NR10084A,2020,PdPb NSA,Pd_Pb,Pd_Pb,Ag/AgCl,GCE,C,KOH,1,1,50,"13,79","-0,4","-0,045","5,39","-0,201","0,154","0,355"
10,https://doi.org/10.1557/s43579-022-00234-0,2022,LaCo0.5Mn0.5O3 ,La_Co_Mn_O,La_Co_Mn_O,SCE,GCE,C,KOH,"0,5","0,5",100,"13,56","0,8",,"60,48","1,044",,"1,044"
10,https://doi.org/10.1557/s43579-022-00234-0,2022,LaMnO3,La_Mn_O,La_Mn_O,SCE,GCE,C,KOH,"0,5","0,5",100,"13,56","0,8",,"36,13","1,044",,"1,044"
11,https://doi.org/10.1007/s12274-022-4873-8,2022,PdMo/rGO,Pd_Mo_rGO,Pd_Mo_O_C,Hg/HgO,GCE,C,KOH,"0,5","0,5",50,"13,56","0,58","0,94","26,18","0,44","0,8","0,36"
11,https://doi.org/10.1007/s12274-022-4873-8,2022,PdMoSb/rGO,Pd_Mo_Sb_rGO,Pd_Mo_Sb_O_C,Hg/HgO,GCE,C,KOH,"0,5","0,5",50,"13,56","0,52","0,967","58,23","0,38","0,827","0,447"
12,https://doi.org/10.1038/s41467-022-33637-7,2022,NiOOH,Ni_O_OH,Ni_O_O_H,RHE,FTO,F_Sn_O,BB,,"0,01",10,9,"1,53","1,56",2,"0,999","1,029","0,03"
12,https://doi.org/10.1038/s41467-022-33637-7,2022,NiOOH,Ni_O_OH,Ni_O_O_H,RHE,FTO,F_Sn_O,BB,,"0,01",10,10,"1,51","1,54","2,15","0,92","0,95","0,03"
12,https://doi.org/10.1038/s41467-022-33637-7,2022,NiOOH,Ni_O_OH,Ni_O_O_H,RHE,FTO,F_Sn_O,BB,,"0,01",10,11,"1,46","1,5","1,8","0,811","0,851","0,04"
12,https://doi.org/10.1038/s41467-022-33637-7,2022,NiOOH,Ni_O_OH,Ni_O_O_H,RHE,FTO,F_Sn_O,BB,,"0,01",10,12,"1,43","1,49","1,5","0,722","0,782","0,06"
12,https://doi.org/10.1038/s41467-022-33637-7,2022,NiOOH,Ni_O_OH,Ni_O_O_H,RHE,FTO,F_Sn_O,KOH,"0,1","0,01",10,13,"1,4","1,613","3,36","0,633","0,846","0,213"
13,https://doi.org/10.1002/celc.202200015,2022,Pd/Mn3O4/C,Pd_Mn_O,Pd_Mn_O,NHE,GCE,C,KOH,2,"0,5",20,14,"-0,2","0,073","241,83","-0,2","0,073","0,273"
13,https://doi.org/10.1002/celc.202200015,2022,Pd/C,Pd_C,Pd_C,NHE,GCE,C,KOH,2,"0,5",20,"11,96","-0,2","0,083","107,09","-0,2","0,083","0,283"
13,https://doi.org/10.1002/celc.202200015,2022,Pd/C,Pd_C,Pd_C,NHE,GCE,C,KOH,2,1,20,"13,27","-0,23","0,079","131,71","-0,23","0,079","0,309"
13,https://doi.org/10.1002/celc.202200015,2022,Pd/C,Pd_C,Pd_C,NHE,GCE,C,KOH,2,"1,5",20,"13,62","-0,23","0,094","141,04","-0,23","0,094","0,324"
13,https://doi.org/10.1002/celc.202200015,2022,Pd/Mn3O4/C,Pd_Mn_O,Pd_Mn_O,NHE,GCE,C,KOH,2,1,20,"13,27","-0,2","0,13","372,45","-0,2","0,13","0,33"
13,https://doi.org/10.1002/celc.202200015,2022,Pd/C,Pd_C,Pd_C,NHE,GCE,C,KOH,2,2,20,"13,84","-0,23","0,1","157,6","-0,23","0,1","0,33"
13,https://doi.org/10.1002/celc.202200015,2022,Pd/Mn3O4/C,Pd_Mn_O,Pd_Mn_O,NHE,GCE,C,KOH,2,"1,5",20,"13,62","-0,2","0,179","409,18","-0,2","0,179","0,379"
13,https://doi.org/10.1002/celc.202200015,2022,Pd/Mn3O4/C,Pd_Mn_O,Pd_Mn_O,NHE,GCE,C,KOH,2,2,20,"13,84","-0,2","0,19","472,9","-0,2","0,19","0,39"
14,https://doi.org/10.1039/d2na00724j,2022,CuV (Co10%�CuV),Cu_V_Co,Cu_V_Co,RHE,GCE,C,KOH,1,"0,2",5,"13,02","1,39",,,"0,564",,"-0,564"
15,https://doi.org/10.1007/s12274-023-6288-4,2023,Pt/C(10% wt Pt),Pt_C,Pt_C,RHE,GCE,C,KOH,1,"0,2",50,"13,02","0,6","0,83",9,"-0,226","0,004","0,23"
15,https://doi.org/10.1007/s12274-023-6288-4,2023,Pt3Sn/hNCNC-10,Pt_Sn_N_C,Pt_Sn_N_C,RHE,CP,C,KOH,1,"0,2",50,"13,02","0,52","0,8",33,"-0,306","-0,026","0,28"
16,https://doi.org/10.1016/j.apcatb.2024.123986,2024,MnO2-CuO/Cupper Foam,Mn_O_Cu_O,Mn_O_Cu,RHE,CF,C,KOH,1,"0,1",,"12,71","1,3","1,7","678,57","0,474","0,874","0,4"
17,https://doi.org/10.1016/j.electacta.2024.144181,2024,Ag/C,Ag_C,Ag_C,RHE,GCE,C,NaOH,"0,1",1,5,"13,98","0,8","1,16","5,56","0,0507","0,4107","0,36"
17,https://doi.org/10.1016/j.electacta.2024.144181,2024,Pt/C(10% wt Pt),Pt_C,Pt_C,RHE,GCE,C,NaOH,"0,1",1,5,"13,98","0,32","0,735","95,7","-0,4293","-0,0143","0,415"
17,https://doi.org/10.1016/j.electacta.2024.144181,2024,Ag80Pt20/C,Ag_Pt_C,Ag_Pt_C,RHE,GCE,C,NaOH,"0,1",1,5,"13,98","0,13","0,88","87,7","-0,6193","0,1307","0,75"
18,https://doi.org/10.1021/acsaem.2c00377,2022,PtBi/NF,Pt_Bi,Pt_Bi,RHE,NF,Ni,NaOH,2,2,50,14,"0,5","1,07",36,"-0,32541","0,24459","0,57"
18,https://doi.org/10.1021/acsaem.2c00377,2022,PtBiAu/NF,Pt_Bi_Au,Pt_Bi_Au,RHE,NF,Ni,NaOH,2,2,50,14,"0,46","1,29",60,"-0,36541","0,46459","0,83"
19,https://doi.org/10.1016/j.jcis.2024.03.119,2024,W-Co2P/NF,W_Co_P,W_Co_P,RHE,NF,Ni,KOH,1,"0,1",5,"12,71","1,3","1,72","259,55","0,47518","0,89518","0,42"
20,https://doi.org/10.1016/j.jpowsour.2022.231836,2022,Pt0.95-Bi0.05/TiN HNWs/CC ,P_Bi_Ti_N,P_Bi_Ti_N,RHE,CC,C,KOH,1,"0,05",20,"12,4","0,65","0,84","88,7","-0,176","0,014","0,19"
21,https://doi.org/10.1021/acsami.4c00917,2024,graphite Rod,C,C,Ag/AgCl,GE,C,KOH,"0,1","0,05","0,05","12,66","0,4",,"2,28","0,599",,"0,599"
22,https://doi.org/10.1007/s12274-021-3829-6,2021,PdNCs/NiO-uNPs,Pd_Ni_O,Pd_Ni_O,RHE,GCE,C,KOH,1,"0,5",10,"13,45","1,3","1,74","229,27","0,474","0,914","0,44"
23,https://doi.org/10.1016/j.electacta.2021.139394,2021,PdNPs@MnO2-PPy/GCE,Pd_Mn_O_Org,Pd_Mn_O_C_N_H_O,Ag/AgCl,GCE,C,KOH,"0,5","0,5",30,"13,56","-0,34","-0,2","240,2","-0,141","-0,001","0,14"
24,https://doi.org/10.1021/acscatal.1c04581,2021,Au Planar,Au,Au,RHE,SELF,Au,KOH,"0,5","0,1",50,"12,83","0,9","1,12",70,"0,09347","0,31347","0,22"
24,https://doi.org/10.1021/acscatal.1c04581,2021,RA-Au/Ni Foam,Au_Ni,Au_Ni,RHE,NF,Ni,KOH,1,"0,1",50,"12,71","0,87","1,3","237,02","0,044","0,474","0,43"
25,https://doi.org/10.1016/j.joei.2015.03.011,2016,Pt/C (E-TEK)/GE rod,Pt_C,Pt_C,SCE,GE,C,KOH,1,1,10,"13,79","-0,57","-0,25","20,4","-0,326","-0,006","0,32"
25,https://doi.org/10.1016/j.joei.2015.03.011,2016,Au_C/GE rod,Au_C,Au_C,SCE,GE,C,KOH,1,1,10,"13,79","-0,326","0,09","20,4","-0,082","0,334","0,416"
25,https://doi.org/10.1016/j.joei.2015.03.011,2016,Au-CeO2(wt 1.3:1)/C/GE rod,Au_Ce_O_C,Au_Ce_O_C,SCE,GE,C,KOH,1,1,10,"13,79","-0,516","-0,08","75,4","-0,272","0,164","0,436"
26,https://doi.org/10.1016/j.jcat.2021.09.005,2021,MnO2/ITO,Mn_O,Mn_O,RHE,ITO,In_Sn_O,BB,"0,1","0,1",10,9,"1,4",,,"0,869",,"-0,869"
27,https://doi.org/10.1002/smll.202104288,2021,MoOx/Pt,Pt_Mo_O,Mo_O_Pt,RHE,CP,C,KOH,1,"0,1",100,"12,71","0,56","0,78",45,"-0,266","-0,046","0,22"
27,https://doi.org/10.1002/smll.202104288,2021,MoOx/Pt,Pt_Mo_O,Mo_O_Pt,RHE,CP,C,KOH,1,"0,5",50,"13,45","0,62","0,86","81,6","-0,206","0,034","0,24"
28,https://doi.org/10.1016/j.jelechem.2021.115198,2021,LaNiO3,La_Ni_O,La_Ni_O,RHE,GCE,C,NaOH,"0,1","0,1",50,"12,96","1,38","1,8","8,64","0,61536","1,03536","0,42"
28,https://doi.org/10.1016/j.jelechem.2021.115198,2021,LaCoO3,La_Co_O,La_Co_O,RHE,GCE,C,NaOH,"0,1","0,1",50,"12,96","1,27","1,8","5,88","0,50536","1,03536","0,53"
29,https://doi.org/10.1016/j.ijhydene.2020.07.104,2020,Ni/PGE(6.92),Ni,Ni,Ag/AgCl,GE,C,NaOH,1,"0,1",50,"12,71","0,36","0,527","36,5","0,559","0,726","0,167"
30,https://doi.org/10.1021/acsaem.1c01920,2021,Pd/Vulcan,Pd_C,Pd_C,RHE,GCD,C,KOH,1,"0,1",50,"12,71","0,52","0,9","1,94","-0,306","0,074","0,38"
30,https://doi.org/10.1021/acsaem.1c01920,2021,Pd/C (20 wt %),Pd_C,Pd_C,RHE,GCD,Pd_C,KOH,1,"0,1",50,"12,71","0,58","0,9","0,47","-0,246","0,074","0,32"
30,https://doi.org/10.1021/acsaem.1c01920,2021,PdFe/rGO,Pd_Fe_rGO,Pd_Fe_O_C,RHE,GCD,C,KOH,1,"0,1",50,"12,71","0,52","0,9","2,3","-0,306","0,074","0,38"
30,https://doi.org/10.1021/acsaem.1c01920,2021,Pd/rGO,Pd_rGO,Pd_O_C,RHE,GCD,C,KOH,1,"0,1",50,"12,71","0,52","0,9","1,99","-0,306","0,074","0,38"
30,https://doi.org/10.1021/acsaem.1c01920,2021,PdFe/Vulcan,Pd_Fe_C,Pd_Fe_C,RHE,GCD,C,KOH,1,"0,1",50,"12,71","0,52","0,9","1,59","-0,306","0,074","0,38"
31,https://doi.org/10.1016/j.jcis.2021.05.079,2021,Pd9Ru1 NSs,Pd_Ru,Pd_Ru,SCE,GCE,C,KOH,1,1,50,"13,79","-0,4264","-0,1676","6,98","-0,1824","0,0764","0,2588"
32,https://doi.org/10.33961/jecst.2020.01102,2021,Pd-Pt(10:10) /C /Ni,Pd_Pt_C,Pd_Pt_C,Ag/AgCl,Ni,Ni,KOH,1,1,50,"13,79","-0,5","-0,133","24,51","-0,301","0,066","0,367"
32,https://doi.org/10.33961/jecst.2020.01102,2021,Pd/C/Ni,Pd_C,Pd_C,Ag/AgCl,Ni,Ni,KOH,1,1,50,"13,79","-0,5","0,157","11,97","-0,301","0,356","0,657"
33,https://doi.org/10.1002/cjce.24107,2021,Pd-Ni (16:4)/C,Pd_Ni_C,Pd_Ni_C,Ag/AgCl,CP,Ni_C,KOH,1,1,50,"13,79","-0,5","-0,103","19,45","-0,301","0,096","0,397"
34,https://doi.org/10.1016/j.jcis.2021.09.107,2021,Pt/Poly(CC-co-BP)-RGO,Pt_Org_rGO,Pt_C_N_O_H_O_C,SCE,CP,C,KOH,"0,5","0,5",50,"13,56","-0,74","-0,1","32,38","-0,496","0,144","0,64"
34,https://doi.org/10.1016/j.jcis.2021.09.107,2021,Pt-Au/Poly(CC-co-BP)-RGO,Pt_Au_Org_rGO,Pt_Au_C_N_H_O_O_C,SCE,CP,C,KOH,"0,5","0,5",50,"13,56","-0,96","-0,1","74,1","-0,716","0,144","0,86"
35,https://doi.org/10.1021/acs.nanolett.0c04395,2021,Au-Ag-Pd alloy nanowires,Au_Ag_Pd,Au_Ag_Pd,RHE,SELF,C,KOH,1,1,50,"13,79","0,6479","0,9487","9,1","-0,1781","0,1227","0,3008"
36,https://doi.org/10.1016/j.apsusc.2021.149055,2021,PdRu/C,Pd_Ru_C,Pd_Ru_C,NHE,GCE,C,KOH,1,1,20,"13,79","-0,28","0,09","14,11","-0,28","0,09","0,37"
36,https://doi.org/10.1016/j.apsusc.2021.149055,2021,PdIr/C,Pd_Ir_C,Pd_Ir_C,NHE,GCE,C,KOH,1,1,20,"13,79","-0,31","0,0916","13,96","-0,31","0,0916","0,4016"
36,https://doi.org/10.1016/j.apsusc.2021.149055,2021,Pd/C,Pd_C,Pd_C,NHE,GCE,C,KOH,1,1,20,"13,79","-0,25","0,167","15,83","-0,25","0,167","0,417"
36,https://doi.org/10.1016/j.apsusc.2021.149055,2021,PdPt/C,Pd_Pt_C,Pd_Pt_C,NHE,GCE,C,KOH,1,1,20,"13,79","-0,36","0,2","29,74","-0,36","0,2","0,56"
37,https://doi.org/10.1007/s10800-020-01426-z,2020,Pt/C/ GE paper,Pt_C,Pt_C,RHE,GE,C,HClO4,"0,1",1,50,"-0,03","0,65","0,95","0,32","0,591","0,891","0,3"
37,https://doi.org/10.1007/s10800-020-01426-z,2020,PtAuPdAg/GE paper,Pt_Au_Pd_Ag,Pt_Au_Pd_Ag,RHE,GE,C,HClO4,"0,1",1,50,"-0,03","0,36","0,66","1,15","-0,3893","-0,0893","0,3"
37,https://doi.org/10.1007/s10800-020-01426-z,2020,Pt/C/ GE paper,Pt_C,Pt_C,RHE,GE,C,KOH,"0,1",1,50,"13,98","0,6",1,"0,49","-0,1493","0,2507","0,4"
37,https://doi.org/10.1007/s10800-020-01426-z,2020,PtAuPdAg/GE paper,Pt_Au_Pd_Ag,Pt_Au_Pd_Ag,RHE,GE,C,KOH,"0,1",1,50,"13,98","0,54","1,09","8,9","-0,2093","0,3407","0,55"
38,https://doi.org/10.1002/celc.202300555,2024,Pt/C (19 wt % ),Pt_C,Pt_C,Hg/HgO,GCE,C,NaOH,"0,1","0,5",10,"13,67","-0,4","-0,0365","8,03","-0,54","-0,1765","0,3635"
38,https://doi.org/10.1002/celc.202300555,2024,Pt52(CeO2)48/C (18 wt%),Pt_Ce_O_C,Pt_Ce_O_C,Hg/HgO,GCE,C,NaOH,"0,1","0,5",10,"13,67","-0,4","0,0192","14,075","-0,54","-0,1208","0,4192"
39,https://doi.org/10.1016/j.ijhydene.2020.07.150,2020,Pd58Cu32Ir10 NCs,Pd_Cu_Ir,Pd_Cu_Ir,Ag/AgCl,GCE,C,KOH,1,1,50,"13,79","-0,3","-0,08095","79,5398","-0,101","0,11805","0,21905"
40,https://doi.org/10.1039/d0nj03219k,2020,Au/C,Au_C,Au_C,Ag/AgCl,GCE,C,NaOH,"0,5",1,50,"13,89","-0,1","0,6564","23,1","0,099","0,8554","0,7564"
40,https://doi.org/10.1039/d0nj03219k,2020,AuCeO2/C,Au_Ce_O_C,Au_Ce_O_C,Ag/AgCl,GCE,C,NaOH,"0,5",1,50,"13,89","-0,2","0,723","61,93","-0,001","0,922","0,923"
41,https://doi.org/10.1002/slct.202001564,2020,NiFe/ERGO/CE,Ni_Fe_rGO,Ni_Fe_O_C,Ag/AgCl,CC,C,KOH,"0,1","0,005",50,"11,66","0,45","0,83","119,25","0,649","1,029","0,38"
42,https://doi.org/10.1002/slct.202001563,2020,NiCu/ERGO/CE,Ni_Cu_rGO,Ni_Cu_O_C,Ag/AgCl,CC,C,KOH,"0,1","0,005",50,"11,66","0,42","0,81","137,14","0,619","1,009","0,39"
43,https://doi.org/10.1002/slct.202001562,2020,NiCuFe-ANPs/CE,Ni_Cu_Fe,Ni_Cu_Fe,Ag/AgCl,CC,C,KOH,"0,1","0,005",50,"11,66","0,41","0,82","145,32","0,609","1,019","0,41"
44,https://doi.org/10.1002/slct.202001561,2020,NiCuFe-ANPs/ERGO/CE,Ni_Cu_Fe_rGO,Ni_Cu_Fe_O_C,Ag/AgCl,CC,C,KOH,"0,1","0,005",50,"11,66","0,36","0,8","170,35","0,559","0,999","0,44"
45,https://doi.org/10.17576/jsm-2020-4912-26,2020,Pd/CNF,Pd_CNF,Pd_C,SCE,GCE,C,KOH,1,"0,5",50,"13,45","-0,4","-0,12",50,"-0,156","0,124","0,28"
45,https://doi.org/10.17576/jsm-2020-4912-26,2020,Au/CNF,Au_CNF,Au_C,SCE,GCE,C,KOH,1,"0,5",50,"13,45","-0,4","-0,1",45,"-0,156","0,144","0,3"
45,https://doi.org/10.17576/jsm-2020-4912-26,2020,PdAu/CNF,Pd_Au_CNF,Pd_Au_C,SCE,GCE,C,KOH,1,"0,5",50,"13,45","-0,4","-0,09",70,"-0,156","0,154","0,31"
46,https://doi.org/10.1039/D0TA02509G,2020,75ALD(SnO2)-Pt/C (HT),Pt_Sn_O_C,Pt_Sn_O_C,SHE,GCE,C,H2SO4,"0,5",2,50,"-0,32","0,556","0,856","0,428","0,556","0,856","0,3"
47,https://doi.org/10.1039/d0na00252f,2020,PtPd@Ag-NH3,Pt_Pd_Ag,Pt_Pd_Ag,RHE,GCE,C,HClO4,"0,1",1,10,"-0,03","0,57","0,83","0,59","0,511","0,771","0,26"
47,https://doi.org/10.1039/d0na00252f,2020,PtPd@Ag-NH3,Pt_Ag,Pt_Ag,RHE,GCE,C,KOH,"0,1",1,10,"13,98","0,68","0,99","6,05","-0,0693","0,2407","0,31"
48,https://doi.org/10.1016/j.ijhydene.2020.08.104,2020,Au0.4/Ag100/C,Au_Ag_C,Au_Ag_C,SCE,GCE,C,NaOH,"0,5","0,1",50,"12,83","-0,3","0,09","20,3","-0,056","0,334","0,39"
48,https://doi.org/10.1016/j.ijhydene.2020.08.104,2020,Pt1.3/Au0.4/Ag100/ C,Pt_Au_Ag_C,Pt_Au_Ag_C,SCE,GCE,C,NaOH,"0,5","0,1",50,"12,83","-0,62","-0,16","33,6","-0,376","0,084","0,46"
49,https://doi.org/10.1016/j.ijhydene.2020.06.082,2020,Pd3Ir/g-C3N4 ,Pd_Ir_C_N,Pd_Ir_C_N,Ag/AgCl,FTO,F_Sn_O,KOH,1,1,,"13,79","-0,4286","-0,219","352,63","-0,2296","-0,02","0,2096"
50,https://doi.org/10.1016/j.catcom.2020.105964,2020,P-doped Pd/CNT,Pd_P_CNT,Pd_P_C,Ag/AgCl,GCE,C,KOH,"0,5","0,5",50,"13,56","-0,3439",0,26,"-0,1449","0,199","0,3439"
51,https://doi.org/10.1016/j.electacta.2019.135161,2019,Pt0.9Bi0.1/C,Pt_Bi_C,Pt_Bi_C,RHE,GCE,C,NaOH,"0,1","0,1",5,"12,96","0,3","0,83966",11,"-0,46464","0,07502","0,53966"
52,https://doi.org/10.1021/acsami.9b22378,2020,Ni90Bi10,Ni_Bi,Ni_Bi,RHE,GCE,C,KOH,1,"0,1",50,"12,71","0,44","0,69","93,03","-0,30989","-0,0598900000000001","0,25"
53,https://doi.org/10.1016/j.jcat.2019.10.037,2019,Pd/C,Pd_C,Pd_C,RHE,GCE,C,KOH,"0,1",1,10,"13,98","0,73","1,06","0,93","-0,0193","0,3107","0,33"
53,https://doi.org/10.1016/j.jcat.2019.10.037,2019,PdAu@Ag,Pd_Au_Ag,Pd_Au_Ag,RHE,GCE,C,KOH,"0,1",1,10,"13,98","0,58","1,01","3,39","-0,1693","0,2607","0,43"
53,https://doi.org/10.1016/j.jcat.2019.10.037,2019,Au,Au,Au,RHE,GCE,C,KOH,"0,1",1,10,"13,98","0,76","1,37","0,01","0,0107","0,6207","0,61"
53,https://doi.org/10.1016/j.jcat.2019.10.037,2019,Au@Ag,Au_Ag,Au_Ag,RHE,GCE,C,KOH,"0,1",1,10,"13,98","0,71","1,41",2,"-0,0393","0,6607","0,7"
54,https://doi.org/10.1002/elan.201900611,2020,20 % Pd/MWCNT ,Pd_CNT,Pd_C,NHE,GCE,C,KOH,"0,5","0,1",30,"12,83","-0,3","0,1878","9,906","-0,3","0,1878","0,4878"
55,https://doi.org/10.1002/advs.202105344,2022,PtNDs@CoS2-NrGO ,Pt_Co_S_N_rGO,Pt_Co_S_N_O_C,Ag/AgCl,GCE,C,H2SO4,"0,5",1,50,"-0,03","0,39","0,66582","0,43812","0,589","0,86482","0,27582"
56,https://doi.org/10.1016/j.apcatb.2023.123104,2023,SbOx-Pt/OMC-2,Sb_O_Pt_OMC,Sb_O_Pt_C,RHE,GCE,C,H2SO4,"0,5",2,50,"-0,32","0,723","0,9205","54,40554","0,74129","0,93879","0,1975"
57,https://doi.org/10.1016/j.mcat.2022.112874,2023,Pt@PdS2-MWCNT,Pt_Pd_S_CNT,Pt_Pd_S_C,Ag/AgCl,GCE,C,H2SO4,"0,5",1,50,"-0,03","0,353","0,6","58,44","0,552","0,799","0,247"
58,https://doi.org/10.1016/j.ijhydene.2012.12.030,2013,Pd/C/PMMA,Pd_C,Pd_C,NHE,GCE,C,KOH,"0,3","0,1",20,"12,89","-0,2","0,045","13,86","-0,2","0,045","0,245"
58,https://doi.org/10.1016/j.ijhydene.2012.12.030,2013,Pd/MWCNT/PMMA,Pd_CNT,Pd_C,NHE,GCE,C,KOH,"0,3","0,1",20,"12,89","-0,2497","0,005",25,"-0,2497","0,005","0,2547"
59,https://doi.org/10.1002/celc.202201114,2023,Pt/C,Pt_C,Pt_C,Ag/AgCl,CP,C,H2SO4,"0,5",2,20,"-0,32","0,465","0,63","3,56074","0,664","0,829","0,165"
59,https://doi.org/10.1002/celc.202201114,2023,Pt7Cu3/C,Pt_Cu_C,Pt_Cu_C,Ag/AgCl,CP,C,H2SO4,"0,5",2,20,"-0,32","0,348","0,63","3,8785","0,547","0,829","0,282"
60,https://doi.org/10.1016/j.carbon.2022.11.067,2022,Au nanoflower/CP,Au,Au,RHE,CP,C,NaOH,"0,1","0,1",,"12,96",1,"1,22",28,"0,23536","0,45536","0,22"
61,https://doi.org/10.1016/j.electacta.2023.143344,2023,Pd/NG,Pd_N_G,Pd_N_C,Hg/HgO,GCE,C,KOH,1,1,50,"13,79","-0,16112","-0,0528","4,43","-0,30112","-0,1928","0,10832"
61,https://doi.org/10.1016/j.electacta.2023.143344,2023,PdBx/NG,Pd_B_N_G,Pd_B_N_C,Hg/HgO,GCE,C,KOH,1,1,50,"13,79","-0,263889","-0,0472223","8,55","-0,403889","-0,1872223","0,2166667"
62,https://doi.org/10.1016/j.cej.2023.142446,2023,PdPtCo NRs,Pd_Pt_Co,Pd_Pt_Co,RHE,GCE,C,KOH,1,"0,1",50,"12,71","0,56286","0,8","13,6","-0,20178","0,03536","0,23714"
63,https://doi.org/10.1016/j.cplett.2023.140864,2023,Ni1.5Fe13.5@Pd85/C,Ni_Fe_Pd_C,Ni_Fe_Pd_C,RHE,GCE,C,KOH,1,1,20,"13,79","0,6","0,85172","8,72","-0,226","0,02572","0,25172"
64,https://doi.org/10.1080/15567036.2019.1683099,2023,Pt/CNT,Pt_CNT,Pt_C,RHE,GCE,C,KOH,"0,5","0,5",50,"13,56","0,47102","0,7637","1,7281","-0,32902","-0,03634","0,29268"
65,https://doi.org/10.1038/s41598-023-40374-4,2023,PdNiSn/GC (Pd:Ni:Sn=2:1:1),Pd_Ni_Sn,Pd_Ni_Sn,RHE,GCE,C,KOH,"0,1","0,3",50,"13,44","0,6","0,85","17,5","-0,20004","0,04996","0,25"
66,https://doi.org/10.1016/j.apsusc.2022.155225,2022,PtIr THH,Pt_Ir,Pt_Ir,SCE,GCE,C,HClO4,1,1,50,"-0,03","-0,5711","-0,2434","17,6","-0,3271","0,000599999999999989","0,3277"
67,https://doi.org/10.1016/j.ijhydene.2022.12.055,2022,PdCu@Pd/C,Pd_Cu_Pd_C,Pd_Cu_Pd_C,RHE,GCE,C,KOH,1,1,50,"13,79","0,6376","0,887","13,6","-0,17601","0,0733900000000001","0,2494"
67,https://doi.org/10.1016/j.ijhydene.2022.12.055,2022,PdPt/C,Pd_Pt_C,Pd_Pt_C,RHE,GCE,C,KOH,1,1,50,"13,79","0,6376","0,9","10,27","-0,17601","0,0863900000000001","0,2624"
67,https://doi.org/10.1016/j.ijhydene.2022.12.055,2022,PdAg/C,Pd_Ag_C,Pd_Ag_C,RHE,GCE,C,KOH,1,1,50,"13,79","0,647","0,914","7,1461","-0,16661","0,10039","0,267"
68,https://doi.org/10.1149/1945-7111/acee27,2023,Pd/Ni Foam,Pd,Pd,RHE,NF,Ni,NaOH,2,1,10,"13,62","0,6","1,03","219,66","-0,20358","0,22642","0,43"
68,https://doi.org/10.1149/1945-7111/acee27,2023,Pd/Ni Foam,Pd_Ni,Pd_Ni,RHE,NF,Ni,NaOH,2,1,10,"13,62","0,6","1,09","314,89","-0,20358","0,28642","0,49"
69,https://doi.org/10.1016/j.electacta.2023.142325,2023,NiOxHy@Carbon Felt,Ni_O_H,Ni_O_H,SCE,CC,C,NaOH,"0,1","0,008",10,"11,86","0,4229","0,6907","8,88","0,6669","0,9347","0,2678"
70,https://doi.org/10.1016/j.ijhydene.2022.12.274,2023,PdNiP/50nmSAIC,Pd_N_P,Pd_N_P,SCE,GCE,C,KOH,1,1,50,"13,79","-0,6","-0,16735","2,832","-0,356","0,07665","0,43265"
71,https://doi.org/10.3390/nano13071173,2023,Pt/C,Pt_C,Pt_C,RHE,GCE,Pt_C,NaOH,"0,1","0,5",10,"13,67","0,4","0,8388","21,8205","-0,40653","0,03227","0,4388"
71,https://doi.org/10.3390/nano13071173,2023,Pt75Fe25/C-hydrazine,Pt_Fe_C,Pt_Fe_C_N_H,RHE,GCE,C,NaOH,"0,1","0,5",10,"13,67","0,35","0,87","13,16544","-0,45653","0,06347","0,52"
72,https://doi.org/10.1016/j.fuel.2022.126471,2022,NP doped/PdCNTs,Pd_N_P_CNT,Pd_N_P_C,Ag/AgCl,GCE,C,KOH,"0,5","0,5",50,"13,56","-0,3","0,11388","76,67","-0,101","0,31288","0,41388"
72,https://doi.org/10.1016/j.fuel.2022.126471,2022,Pd/ CNTs,Pd_CNT,Pd_C,Ag/AgCl,GCE,C,KOH,"0,5","0,5",50,"13,56","-0,35","0,069","48,67","-0,151","0,268","0,419"
72,https://doi.org/10.1016/j.fuel.2022.126471,2022,P doped/ PdCNTs ,Pd_P_CNT,Pd_C_P,Ag/AgCl,GCE,C,KOH,"0,5","0,5",50,"13,56","-0,35","0,1","69,33","-0,151","0,299","0,45"
72,https://doi.org/10.1016/j.fuel.2022.126471,2022,N doped/PdCNTs ,Pd_N_CNT,Pd_C_N,Ag/AgCl,GCE,C,KOH,"0,5","0,5",50,"13,56","-0,35","0,1",60,"-0,151","0,299","0,45"
73,https://doi.org/10.1002/celc.202300570,2024,Ni(OH)2/GCE,Ni_O_OH,Ni_O_O_H,RHE,GCE,C,NaOH,1,"0,1",50,"12,71","1,36",,3,"0,61011",,"-0,61011"
74,https://doi.org/10.1021/acsaem.3c03111,2024,Ag(0.5)/Pt,Ag,Ag,Hg/HgO,Pt,Pt,NaOH,1,"0,5",20,"13,45","-0,5","-0,01","11,45","-0,64","-0,15","0,49"
75,https://doi.org/10.1021/acssuschemeng.8b00721,2024,Pd68Ni26/rGO,Pd_Ni_rGO,Pd_Ni_O_C,SCE,GCE,C,NaOH,1,"0,5",50,"13,45","-0,4","-0,2857",44,"-0,156","-0,0417","0,1143"
75,https://doi.org/10.1021/acssuschemeng.8b00721,2024,Pt73Pd27/rGO,Pt_Pd_rGO,Pt_Pd_O_C,SCE,GCE,C,NaOH,1,"0,5",50,"13,45","-0,51","-0,2893",62,"-0,266","-0,0453","0,2207"
75,https://doi.org/10.1021/acssuschemeng.8b00721,2024,Pt74Ni27/rGO,Pt_Ni_rGO,Pt_Ni_O_C,SCE,GCE,C,NaOH,1,"0,5",50,"13,45","-0,4714","-0,2143","43,6","-0,2274","0,0297","0,2571"
75,https://doi.org/10.1021/acssuschemeng.8b00721,2024,Pt70Pd24Ni6/rGO,Pt_Pd_Ni_rGO,Pt_Pd_Ni_O_C,SCE,GCE,C,NaOH,1,"0,5",50,"13,45","-0,5107","-0,1429","105,2","-0,2667","0,1011","0,3678"
76,https://doi.org/10.5935/0103-5053.20140044,2014,PdAu(90:10)/C,Pd_Au_C,Pd_Au_C,Ag/AgCl,CC,C,KOH,1,1,10,"13,79","-0,6",,,"-0,401",,"0,401"
76,https://doi.org/10.5935/0103-5053.20140044,2014,Au/C,Au_C,Au_C,Ag/AgCl,CC,C,KOH,1,1,10,"13,79","-0,63",,,"-0,431",,"0,431"
76,https://doi.org/10.5935/0103-5053.20140044,2014,Pd/C,Pd_C,Pd_C,Ag/AgCl,CC,C,KOH,1,1,10,"13,79","-0,65",,,"-0,451",,"0,451"
77,https://doi.org/10.1016/j.materresbull.2015.01.007,2015,Au/C,Au_C,Au_C,SCE,GE,C,KOH,1,1,5,"13,79","-0,255",,,"-0,011",,"0,011"
77,https://doi.org/10.1016/j.materresbull.2015.01.007,2015,Au�MgO (wt 2:1)/C,Au_Mg_O_C,Au_Mg_O_C,SCE,GE,C,KOH,1,1,5,"13,79","-0,411",,,"-0,167",,"0,167"
77,https://doi.org/10.1016/j.materresbull.2015.01.007,2015,Au�Co3O4 (wt 4:1)/C,Au_Co_O_C,Au_Co_O_C,SCE,GE,C,KOH,1,1,5,"13,79","-0,426",,,"-0,182",,"0,182"
77,https://doi.org/10.1016/j.materresbull.2015.01.007,2015,Au�NiO (wt 5:1)/C,Au_Ni_O_C,Au_Ni_O_C,SCE,GE,C,KOH,1,1,5,"13,79","-0,446",,,"-0,202",,"0,202"
77,https://doi.org/10.1016/j.materresbull.2015.01.007,2015,Au�Mn3O4 (wt 5:1)/C,Au_Mn_O_C,Au_Mn_O_C,SCE,GE,C,KOH,1,1,5,"13,79","-0,47",,,"-0,226",,"0,226"
78,https://doi.org/10.1007/s10008-015-2880-1,2015,Pd/TiO2/PANI,Pd_Ti_O_Org,Pd_Ti_O_C_N_O_H,MSE,GE,C,KOH,"0,5","0,1",20,"12,83","-0,771","-0,614","5,38","-0,131","0,026","0,157"
79,https://doi.org/10.1039/c5ee01988e,2015,Pd55Pt30,Pd_Pt,Pd_Pt,Ag/AgCl,GCE,C,KOH,1,"0,1",50,"12,71","-0,335","-0,13","4,63","-0,136","0,069","0,205"
80,https://doi.org/10.1007/s10800-014-0706-y,2014,PPy/MOH/Pd ,Pd_Mn_O_OH_Org,Pd_Mn_O_O_H_C_N_O_H,SCE,GCE,C,KOH,1,2,50,"14,15","-0,359","-0,18",404,"-0,115","0,064","0,179"
81,https://doi.org/10.1149/2.0511707jes,2017,Pt/C,Pt_C,Pt_C,SCE,GCE,C,NaOH,"0,5","0,1",50,"12,83","-0,35","-0,128","27,3","-0,106","0,116","0,222"
81,https://doi.org/10.1149/2.0511707jes,2017,Pd1Ag1C,Pd_Ag_C,Pd_Ag_C,SCE,GCE,C,NaOH,"0,5","0,1",50,"12,83","-0,448","-0,104","35,5","-0,204","0,14","0,344"
82,https://doi.org/10.1016/j.joei.2016.07.005,2016,Pt/C,Pt_C,Pt_C,SCE,GE,C,KOH,1,1,10,"13,79","-0,571","-0,331","17,4","-0,327","-0,087","0,24"
82,https://doi.org/10.1016/j.joei.2016.07.005,2016,Pd/C,Pd_C,Pd_C,SCE,GE,C,KOH,1,1,10,"13,79","-0,405","-0,156","20,3","-0,161","0,088","0,249"
82,https://doi.org/10.1016/j.joei.2016.07.005,2016,PdAu(wt 4:1)/C,Pd_Au,Pd_Au,SCE,GE,C,KOH,1,1,10,"13,79","-0,544","-0,223","74,4","-0,3","0,021","0,321"
82,https://doi.org/10.1016/j.joei.2016.07.005,2016,Au/C,Au_C,Au_C,SCE,GE,C,KOH,1,1,10,"13,79","-0,401","-0,028","25,4","-0,157","0,216","0,373"
82,https://doi.org/10.1016/j.joei.2016.07.005,2016,PtAu(wt 4:1)/C,Pt_Au_C,Pt_Au_C,SCE,GE,C,KOH,1,1,10,"13,79","-0,704","-0,155","96,3","-0,46","0,089","0,549"
83,https://doi.org/10.1021/acscatal.6b02097,2016,Pt2Rh1/C,Pt_Rh_C,Pt_Rh_C,SCE,GCE,C,HClO4,"0,1","0,1",50,"0,85","0,3","0,395","2,021","0,544","0,639","0,095"
83,https://doi.org/10.1021/acscatal.6b02097,2016,Pt/C,Pt_C,Pt_C,SCE,GCE,C,HClO4,"0,1","0,1",50,"0,85","0,3","0,436","1,799","0,544","0,68","0,136"
83,https://doi.org/10.1021/acscatal.6b02097,2016,Pt3Ru1/C,Pt_Ru_C,Pt_Ru_C,SCE,GCE,C,HClO4,"0,1","0,1",50,"0,85","0,1","0,336","1,577","0,344","0,58","0,236"
84,https://doi.org/10.1039/c5gc01243k,2015,Pt/Ag@C,Pt_Ag_C,Pt_Ag_C,SCE,GCE,C,NaOH,1,1,50,"13,79","-0,589","-0,137","930,6748","-0,345","0,107","0,452"
85,https://doi.org/10.1021/acs.jpcc.6b00295,2016,Pt9Bi1/C,Pt_Bi_C,Pt_Bi_C,RHE,GCD,C,NaOH,1,"0,1",5,"12,71","0,364","0,827","23,054","-0,38589","0,0771099999999999","0,463"
86,https://doi.org/10.1016/j.electacta.2015.12.222,2016,Pt/RGO,Pt_rGO,Pt_O_C,SCE,GCE,C,NaOH,"0,5","0,1",50,"12,83","-0,529","-0,18","19,6","-0,285","0,064","0,349"
86,https://doi.org/10.1016/j.electacta.2015.12.222,2016,Au/RGO,Au_rGO,Au_O_C,SCE,GCE,C,NaOH,"0,5","0,1",50,"12,83","-0,452","0,17","45,1","-0,208","0,414","0,622"
87,https://doi.org/10.17576/mjas-2019-2301-09,2018,Pd2Au1,Pd_Au,Pd_Au,Ag/AgCl,GCE,C,NaOH,"0,5","0,5",50,"13,56","-0,4152","0,029","55,28","-0,2162","0,228","0,4442"
88,https://doi.org/10.1016/j.ijhydene.2016.09.138,2016,Pd3Mo/VC,Pd_Mo_VC,Pd_Mo_C,Ag/AgCl,GCE,C,KOH,1,"0,1",10,"12,71","-0,382","-0,161","182,6","-0,183","0,038","0,221"
89,https://doi.org/10.1016/j.apcatb.2017.02.082,2017,PdAg3/CNT,Pd_Ag_CNT,Pd_Ag_C,Hg/HgO,GCE,C,KOH,1,"0,1",50,"12,71","-0,44","0,052","35,132","-0,58","-0,088","0,492"
89,https://doi.org/10.1016/j.apcatb.2017.02.082,2017,Pd/CNT,Pd_CNT,Pd_C,Hg/HgO,GCE,C,KOH,1,"0,1",50,"12,71","-0,35","0,003","11,866","-0,49","-0,137","0,353"
90,https://doi.org/10.1016/j.ijhydene.2014.10.144,2015,Pd(DBA)2,Pd_C_H_O,Pd_C_H_O,NHE,GCE,C,KOH,"1,96","0,5603",50,"13,33","-0,35","0,08","15,8","-0,35","0,08","0,43"
91,https://doi.org/10.1016/j.ijhydene.2019.01.090,2019,Pt0.24Cu0.76/C,Pt_Cu_C,Pt_Cu_C,RHE,GCE,C,NaOH,"0,1",1,50,"13,98","0,45","0,89","97,76","-0,37482","0,06518","0,44"
92,https://doi.org/10.1016/j.electacta.2016.04.024,2016,Pd/Cu/NPSS,Pd_Cu,Pd_Cu,SCE,NPSS,Fe,KOH,1,"0,5603",50,"13,5","-0,42","-0,18","14,629","-0,176","0,064","0,24"
92,https://doi.org/10.1016/j.electacta.2016.04.024,2016,Pt,Pt,Pt,SCE,NPSS,Fe,KOH,1,"0,5603",50,"13,5","-0,58","-0,25","20,966","-0,336","-0,00600000000000001","0,33"
92,https://doi.org/10.1016/j.electacta.2016.04.024,2016,Pt-Pd/Cu/NPSS,Pt_Pd_Cu,Pt_Pd_Cu,SCE,NPSS,Fe,KOH,1,"0,5603",50,"13,5","-0,54","-0,17","61,852","-0,296","0,074","0,37"
93,https://doi.org/10.1016/j.ijhydene.2016.06.253,2016,Ag/RGO�,Ag_rGO,Ag_O_C,SCE,GCE,C,NaOH,"0,5","0,1",50,"12,83",0,0,0,0,0,0
93,https://doi.org/10.1016/j.ijhydene.2016.06.253,2016,Au(0.3%)�Ag/RGO,Au_Ag_rGO,Au_Ag_O_C,SCE,GCE,C,NaOH,"0,5","0,1",50,"12,83","-0,123","0,17","45,7","0,121","0,414","0,293"
93,https://doi.org/10.1016/j.ijhydene.2016.06.253,2016,Au/RGO,Au_rGO,Au_O_C,SCE,GCE,C,NaOH,"0,5","0,1",50,"12,83","-0,123","0,18","50,1","0,121","0,424","0,303"
94,https://doi.org/10.1016/j.ijhydene.2014.03.076,2014,Pd9Bi1/C,Pd_Bi_C,Pd_Bi_C,RHE,GCE,C,NaOH,1,"0,1",10,"12,71","0,555","0,818","31,824","-0,19489","0,0681099999999999","0,263"
94,https://doi.org/10.1016/j.ijhydene.2014.03.076,2014,Pt9Bi1/C,Pt_Bi_C,Pt_Bi_C,RHE,GCE,C,NaOH,1,"0,1",10,"12,71","0,339","0,761","31,673","-0,41089","0,01111","0,422"
94,https://doi.org/10.1016/j.ijhydene.2014.03.076,2014,�Pd4.5Pt4.5Bi1/C,Pd_Pt_Bi_C,Pd_Pt_Bi_C,RHE,GCE,C,NaOH,1,"0,1",10,"12,71","0,339","0,826","38,465","-0,41089","0,0761099999999999","0,487"
95,https://doi.org/10.1016/j.jcis.2019.07.093,2019,PdPb NWs,Pd_Pb,Pd_Pb,RHE,GCE,C,KOH,"0,5","0,5",50,"13,56","0,56","1,062","63,796","-0,24004","0,26196","0,502"
95,https://doi.org/10.1016/j.jcis.2019.07.093,2019,PdFe NWs,Pd_Fe,Pd_Fe,RHE,GCE,C,KOH,"0,5","0,5",50,"13,56","0,51","1,024","53,231","-0,29004","0,22396","0,514"
95,https://doi.org/10.1016/j.jcis.2019.07.093,2019,PdFePb NWs�,Pd_Fe_Pb,Pd_Fe_Pb,RHE,GCE,C,KOH,"0,5","0,5",50,"13,56","0,53","1,063","105,66","-0,27004","0,26296","0,533"
96,https://doi.org/10.1016/j.electacta.2015.12.152,2016,Au/CeO2/MWNT (NH3),Au_Ce_O_CNT,Au_Ce_O_C,SCE,GCE,C,KOH,1,1,20,"13,79","-0,03","0,173",7,"0,214","0,417","0,203"
96,https://doi.org/10.1016/j.electacta.2015.12.152,2016,Au/PC-MWNT,Au_Org_CNT,Au_C_N_O_H_C,SCE,GCE,C,KOH,1,1,20,"13,79","-0,03","0,178","27,9","0,214","0,422","0,208"
96,https://doi.org/10.1016/j.electacta.2015.12.152,2016,Au/CeO2/PC-MWNT (MW),Au_Ce_O_Org_CNT,Au_Ce_O_C_N_O_H_C,SCE,GCE,C,KOH,1,1,20,"13,79","-0,43","0,207","59,2","-0,186","0,451","0,637"
97,https://doi.org/10.1039/c6ra28864b,2017,Pd/SiO2,Pd_Si_O,Pd_Si_O,RHE,GCE,C,KOH,"0,1","0,2",50,"13,27","0,6",1,"21,6215","-0,18293","0,21707","0,4"
97,https://doi.org/10.1039/c6ra28864b,2017,Pd,Pd,Pd,RHE,GCE,C,KOH,"0,1","0,2",50,"13,27","0,6","1,026","16,926","-0,18293","0,24307","0,426"
98,https://doi.org/10.1039/c8nr04741c,2018,np-PtGa foil,Pt_Ga,Pt_Ga,Ag/AgCl,SELF,Pt,H2SO4,"0,5","0,5",50,"0,24","0,457","0,678","60,934","0,656","0,877","0,221"
99,https://doi.org/10.1016/j.jelechem.2014.10.010,2014,Au/C,Au_VC,Au_C,RHE,GCD,C,NaOH,"0,1","0,1",50,"12,96","0,6","1,2",120,"-0,16464","0,43536","0,6"
100,https://doi.org/10.1007/s10800-018-1155-9,2018,Au/C,Au_C,Au_C,Hg/HgO,GCE,C,KOH,"0,1","0,1",20,"12,96","-0,366","0,441","37,6","-0,506","0,301","0,807"
100,https://doi.org/10.1007/s10800-018-1155-9,2018,Au1Ni1/C,Au_Ni_C,Au_Ni_C,Hg/HgO,GCE,C,KOH,"0,1","0,1",20,"12,96","-0,425","0,396","32,6","-0,565","0,256","0,821"
101,https://doi.org/10.1039/C5RA17172E,2015,Pt/ATCP�CP�BZD�CNT ,Pt_Org_CNT,Pt_C_N_O_H,SCE,GE,C,KOH,"0,5","0,5",50,"13,56","-0,64","-0,05",,"-0,396","0,194","0,59"
101,https://doi.org/10.1039/C5RA17172E,2015,Pt�Sn/ATCP�CP� BZD�CNT,Pt_Sn_Org_CNT,Pt_Sn_C_N_O_H,SCE,GE,C,KOH,"0,5","0,5",50,"13,56","-0,74","-0,061",,"-0,496","0,183","0,679"
102,https://doi.org/10.3390/catal9040387,2019,Pt-CNT/GC,Pt_CNT,Pt_C,RHE,GCE,C,K2SO4,"0,05","0,00125",100,,"0,327","0,39","0,027","0,327","0,39","0,063"
102,https://doi.org/10.3390/catal9040387,2019,Pt Disk,Pt,Pt,RHE,SELF,Pt,K2SO4,"0,05","0,00125",100,,"0,327","0,4","0,024","0,327","0,4","0,073"
102,https://doi.org/10.3390/catal9040387,2019,Pd/CNT-GC,Pd_CNT,Pd_C,RHE,GCE,C,KOH,"0,1","0,00125",100,"11,06","-0,006","0,082","3,882","-0,65854","-0,57054","0,088"
102,https://doi.org/10.3390/catal9040387,2019,Pd disk,Pd,Pd,RHE,SELF,Pd,KOH,"0,1","0,00125",100,"11,06","-0,041","0,079","5,356","-0,69354","-0,57354","0,12"
102,https://doi.org/10.3390/catal9040387,2019,Au Disk,Au,Au,RHE,SELF,Au,KOH,"0,1","0,00125",100,"11,06","0,087","0,244","4,628","-0,56554","-0,40854","0,157"
102,https://doi.org/10.3390/catal9040387,2019,Pt Disk,Pt,Pt,RHE,SELF,Pt,KOH,"0,1","0,00125",100,"11,06","-0,326","0,011","7,262","-0,97854","-0,64154","0,337"
102,https://doi.org/10.3390/catal9040387,2019,Pt Disk,Pt,Pt,RHE,SELF,Pt,HClO4,"0,1","0,00125",100,"2,61","0,455","0,84","0,031","0,30101","0,68601","0,385"
102,https://doi.org/10.3390/catal9040387,2019,Pt-CNT/GC,Pt_CNT,Pt_C,RHE,GCE,C,KOH,"0,1","0,00125",100,"11,06","-0,297","0,124","8,247","-0,94954","-0,52854","0,421"
102,https://doi.org/10.3390/catal9040387,2019,Au/CNT-GC,Au_CNT,Au_C,RHE,GCE,C,KOH,"0,1","0,00125",100,"11,06","0,013","0,451","8,967","-0,63954","-0,20154","0,438"
103,https://doi.org/10.1016/j.electacta.2014.08.035,2014,Au50Ag50/C,Au_Ag_C,Au_Ag_C,RHE,GCD,C,NaOH,"0,1","0,1",50,"12,96","0,6","1,199","2,85714285714286","-0,16464","0,43436","0,599"
103,https://doi.org/10.1016/j.electacta.2014.08.035,2014,Au/C,Au_C,Au_C,RHE,GCD,C,NaOH,"0,1","0,1",50,"12,96","0,7","1,456","24,4897959183673","-0,06464","0,69136","0,756"
104,https://doi.org/10.1016/j.electacta.2015.07.020,2015,Pd-PEDOT/C,Pd_Org_C,Pd_C_N_O_H_C,SCE,CP,C,NaOH,"0,1","0,1",5,"12,96","-0,395","-0,197","2,71","-0,151","0,047","0,198"
104,https://doi.org/10.1016/j.electacta.2015.07.020,2015,Pd5Ru/C nanoflowers,Pd_Ru_C,Pd_Ru_C,SCE,CP,C,NaOH,"0,1","0,1",5,"12,96","-0,35","-0,146",1,"-0,106","0,098","0,204"
104,https://doi.org/10.1016/j.electacta.2015.07.020,2015,Pd5Ru�PEDOT/C nanoflowers,Pd_Ru_Org_C,Pd_Ru_C_N_O_H_C,SCE,CP,C,NaOH,"0,1","0,1",5,"12,96","-0,438","-0,179","4,6","-0,194","0,065","0,259"
105,https://doi.org/10.1002/celc.201901254,2019,Pd/C,Pd_C,Pd_C,SCE,GCE,C,KOH,1,1,10,"13,79","-0,41","-0,069",,"-0,166","0,175","0,341"
105,https://doi.org/10.1002/celc.201901254,2019,Pd2Nb1/C,Pd_Nb_C,Pd_Nb_C,SCE,GCE,C,KOH,1,1,10,"13,79","-0,49","0,186",,"-0,246","0,43","0,676"
106,https://doi.org/10.1016/j.jtice.2018.08.028,2018,Pd/C,Pd_C,Pd_C,Ag/AgCl,GCE,C,KOH,"0,1","0,5",50,"13,67","-0,26","0,154","9,3748","-0,061","0,353","0,414"
106,https://doi.org/10.1016/j.jtice.2018.08.028,2018,Pd/ Se�C,Pd_Se_C,Pd_Se_C,Ag/AgCl,GCE,C,KOH,"0,1","0,5",50,"13,67","-0,32","0,172","10,5976","-0,121","0,371","0,492"
106,https://doi.org/10.1016/j.jtice.2018.08.028,2018,PdAu/P�Se�C,Pd_Au_P_Se_C,Pd_Au_P_Se_C,Ag/AgCl,GCE,C,KOH,"0,1","0,5",50,"13,67","-0,38","0,121","8,2766","-0,181","0,32","0,501"
106,https://doi.org/10.1016/j.jtice.2018.08.028,2018,Pd/P�Se�C,Pd_P_Se_C,Pd_P_Se_C,Ag/AgCl,GCE,C,KOH,"0,1","0,5",50,"13,67","-0,33","0,178","12,228","-0,131","0,377","0,508"
107,https://doi.org/10.1016/j.elecom.2018.09.004,2018,Au/C,Au_C,Au_C,Hg/HgO,GCE,C,KOH,"0,1",2,50,"14,29","-0,18","0,421","36,6165","-0,32","0,281","0,601"
107,https://doi.org/10.1016/j.elecom.2018.09.004,2018,ALD-Au/C(HT),Ti_O_Au_C,Ti_O_Au_C,Hg/HgO,GCE,C,KOH,"0,1",2,50,"14,29","-0,28","0,382","43,218","-0,42","0,242","0,662"
108,https://doi.org/10.1039/c7ta04598k,2017,Au1Cu1,Au_C,Au_C,SCE,GCE,C,KOH,1,1,50,"13,79","-0,379","-0,37","142,1164","-0,135","-0,126","0,00900000000000001"
108,https://doi.org/10.1039/c7ta04598k,2017,Au,Au,Au,SCE,GCE,C,KOH,1,1,50,"13,79","-0,302","-0,21","35,9844","-0,058","0,034","0,092"
109,https://doi.org/10.1002/celc.201800309,2018,PtNi/GNS,Pt_Ni_G,Pt_Ni_C,SCE,GCE,C,KOH,"0,1",1,50,"13,98","-0,528","-0,13","3,22","-0,284","0,114","0,398"
109,https://doi.org/10.1002/celc.201800309,2018,Pt/GNS,Pt_G,Pt_C,SCE,GCE,C,KOH,"0,1",1,50,"13,98","-0,503","-0,03","2,25","-0,259","0,214","0,473"
109,https://doi.org/10.1002/celc.201800309,2018,PtRu/GNS,Pt_Ru_G,Pt_Ru_C,SCE,GCE,C,KOH,"0,1",1,50,"13,98","-0,587","-0,1","3,19","-0,343","0,144","0,487"
109,https://doi.org/10.1002/celc.201800309,2018,PtRh/GNS,Pt_Rh_G,Pt_Rh_C,SCE,GCE,C,KOH,"0,1",1,50,"13,98","-0,71","-0,16","40,5","-0,466","0,084","0,55"
109,https://doi.org/10.1002/celc.201800309,2018,PtRuNi/GNS,Pt_Ru_Ni_G,Pt_Ru_Ni_C,SCE,GCE,C,KOH,"0,1",1,50,"13,98","-0,62","-0,06","4,83","-0,376","0,184","0,56"
109,https://doi.org/10.1002/celc.201800309,2018,PtRhNi/NGS,Pt_Rh_Ni_G,Pt_Rh_Ni_C,SCE,GCE,C,KOH,"0,1",1,50,"13,98","-0,719","-0,15","56,2","-0,475","0,094","0,569"
110,https://doi.org/10.1016/j.jelechem.2018.01.033,2018,Pd/C,Pd_C,Pd_C,SCE,GCE,C,KOH,1,1,50,"13,79","-0,29","-0,088","8,38756","-0,046","0,156","0,202"
110,https://doi.org/10.1016/j.jelechem.2018.01.033,2018,Pt/C,Pt_C,Pt_C,SCE,GCE,C,KOH,1,1,50,"13,79","-0,337","-0,019","20,433","-0,093","0,225","0,318"
110,https://doi.org/10.1016/j.jelechem.2018.01.033,2018,Pd1Au1/C,Pd_Au_C,Pd_Au_C,SCE,GCE,C,KOH,1,1,50,"13,79","-0,367","-0,039","67,373","-0,123","0,205","0,328"
110,https://doi.org/10.1016/j.jelechem.2018.01.033,2018,Pt1Au1/C,Pt_Au_C,Pt_Au_C,SCE,GCE,C,KOH,1,1,50,"13,79","-0,369","-0,036","156,931","-0,125","0,208","0,333"
111,https://doi.org/10.1016/j.ijhydene.2018.10.132,2018,Pt4Sn1�CNCs,Pt_Sn,Pt_Sn,RHE,GCE,C,KOH,1,1,50,"13,79","0,468","0,9","113,782857142857","-0,34561","0,0863900000000001","0,432"
112,https://doi.org/10.1016/j.jtice.2018.08.023,2018,PtCu,Pt_Cu_C,Pt_Cu_C,RHE,GCE,C,KOH,1,1,50,"13,79","0,39","0,804","61,58565","-0,42361","-0,0096099999999999","0,414"
112,https://doi.org/10.1016/j.jtice.2018.08.023,2018,PtCo,Pt_Co_C,Pt_Co_C,RHE,GCE,C,KOH,1,1,50,"13,79","0,36","0,804","68,8218","-0,45361","-0,0096099999999999","0,444"
112,https://doi.org/10.1016/j.jtice.2018.08.023,2018,PtCoCu NCs,Pt_Co_Cu_C,Pt_Co_Cu_C,RHE,GCE,C,KOH,1,1,50,"13,79","0,33","0,804","100,31715","-0,48361","-0,0096099999999999","0,474"
113,https://doi.org/10.1016/j.ijhydene.2015.05.154,2015,PdAu,Pd,Pd,NHE,Au Disk,Au,KOH,1,1,50,"13,79","-0,35","0,095","88,8","-0,35","0,095","0,445"
113,https://doi.org/10.1016/j.ijhydene.2015.05.154,2015,Pd-Co(1)/Au,Pd_Co,Pd_Co,NHE,Au Disk,Au,KOH,1,1,50,"13,79","-0,37","0,095","115,2","-0,37","0,095","0,465"
114,https://doi.org/10.5796/electrochemistry.18-00048,2018,Pt�CeO2-x/GNS,Pt_Ce_O_G,Pt_Ce_O_C,SCE,GCE,C,KOH,"0,1",1,50,"13,98","-0,501","-0,17","87,45","-0,257","0,074","0,331"
115,https://doi.org/10.1016/j.jelechem.2016.11.053,2016,PtAg/MnOx/C,Pt_Ag_Mn_O_C,Pt_Ag_Mn_O_C,RHE,GCE,C,KOH,1,1,10,"13,79","0,184","0,908","315,8256","-0,62961","0,0943900000000001","0,724"
115,https://doi.org/10.1016/j.jelechem.2016.11.053,2016,PtAg/C,Pt_Ag_C,Pt_Ag_C,RHE,GCE,C,KOH,1,1,10,"13,79","0,176","1,008","233,7525","-0,63761","0,19439","0,832"
116,https://doi.org/10.1016/j.ijhydene.2013.12.159,2014,Pd/rGO,Pd_rGO,Pd_O_C,SCE,GCE,C,KOH,"0,5","0,5",50,"13,56","-0,46","-0,12","21,5142857142857","-0,216","0,124","0,34"
117,https://doi.org/10.1016/j.jelechem.2019.113225,2019,AuAg8/C,Au_Ag_C,Au_Ag_C,Hg/HgO,GCE,C,KOH,2,1,10,"13,62","-0,031","0,237",,"-0,171","0,097","0,268"
117,https://doi.org/10.1016/j.jelechem.2019.113225,2019,AuAg4Pd0.1/C,Au_Ag_Pd_C,Au_Ag_Pd_C,Hg/HgO,GCE,C,KOH,2,1,10,"13,62","-0,08","0,237",,"-0,22","0,097","0,317"
118,https://dx.doi.org/10.1021/acscatal.0c01498,2020,FeCo2O4,Fe_Co_O,Fe_Co_O,RHE,CP,C,KOH,"0,1","0,1",1,"12,96","1,383",,1,"0,61836",,"-0,61836"
118,https://dx.doi.org/10.1021/acscatal.0c01498,2020,MnCo2O4,Mn_Co_O,Mn_Co_O,RHE,CP,C,KOH,"0,1","0,1",1,"12,96","1,372",,1,"0,60736",,"-0,60736"
118,https://dx.doi.org/10.1021/acscatal.0c01498,2020,ZnCo2O4,Zn_Co_O,Zn_Co_O,RHE,CP,C,KOH,"0,1","0,1",1,"12,96","1,322",,1,"0,55736",,"-0,55736"
118,https://dx.doi.org/10.1021/acscatal.0c01498,2020,CoCo2O4,Co_Co_O,Co_Co_O,RHE,CP,C,KOH,"0,1","0,1",1,"12,96","1,23",,1,"0,46536",,"-0,46536"
118,https://dx.doi.org/10.1021/acscatal.0c01498,2020,NiCo2O4,Ni_Co_O,Ni_Co_O,RHE,CP,C,KOH,"0,1","0,1",1,"12,96","1,183",,1,"0,41836",,"-0,41836"
118,https://dx.doi.org/10.1021/acscatal.0c01498,2020,CuCo2O4,Cu_Co_O,Cu_Co_O,RHE,CP,C,KOH,"0,1","0,1",1,"12,96","1,149",,1,"0,38436",,"-0,38436"
119,https://dx.doi.org/10.1088/1755-1315/1050/1/012017,2017,PD/GC,Pd,Pd,RHE,GCE,C,KOH,"0,1","0,3",50,"13,44","0,48","0,826","12,5","-0,31296","0,0330400000000001","0,346"
119,https://dx.doi.org/10.1088/1755-1315/1050/1/012017,2017,CoOx/Pd/GC,Co_O_Pd,Co_O_Pd,RHE,GCE,C,KOH,"0,1","0,3",50,"13,44","0,4","0,752","21,5","-0,39296","-0,0409599999999999","0,352"
120,https://dx.doi.org/10.1002/adfm.202306995,2024,NiCo2O4/NF,Ni_Co_O,Ni_Co_O,RHE,NF,Ni,KOH,1,"0,1",10,"12,71","1,13",,10,"0,38011",,"-0,38011"
120,https://dx.doi.org/10.1002/adfm.202306995,2024,Co3O4/NF,Co_O,Co_O,RHE,NF,Ni,KOH,1,"0,1",10,"12,71","1,26",,10,"0,51011",,"-0,51011"
120,https://dx.doi.org/10.1002/adfm.202306995,2024,NiO/NF,Ni_O,Ni_O,RHE,NF,Ni,KOH,1,"0,1",10,"12,71","1,32",,10,"0,57011",,"-0,57011"
121,https://dx.doi.org/ 10.1039/c4cp03048f,2014,Pt/GNS,Pt_G,Pt_C,SCE,Au,Au,H2SO4,1,1,50,"-0,03","0,528","0,679",3,"0,772","0,923","0,151"
122,https://doi.org/10.1016/j.jcis.2017.08.063,2018,AuPd NCs,Au_Pd,Au_Pd,SCE,GCE,C,KOH,"0,5","0,5",50,"13,56","-0,301","-0,106","50,64","-0,057","0,138","0,195"
123,https://dx.doi.org/10.1039/c8nr01962b,2018,Pt52Cu48 HTNCs,Pt_Cu,Pt_Cu,SCE,GCE,C,KOH,1,1,50,"13,79","-0,432","-0,095",,"-0,188","0,149","0,337"
124,https://dx.doi.org/10.1002/slct.201701687,2017,Pd53Ni47/C,Pd_Ni,Pd_Ni,SCE,Au Disk,Au,KOH,1,1,30,"13,79","-0,428","-0,0616",,"-0,184","0,1824","0,3664"
125,https://dx.doi.org/10.1021/acsaem.8b01385,2018,PtCu NCs,Pt_Cu,Pt_Cu,RHE,GCE,C,KOH,"0,5","0,5",50,"13,56","0,464","1,008","134,978","-0,33604","0,20796","0,544"
126,https://doi.org/10.1016/j.electacta.2017.01.033,2017,TaCxFyOz/gC,Ta_C_F_O_C,Ta_C_F_O_C,Hg/HgO,GCE,C,KOH,1,1,50,"13,79","-0,494","-0,04","24,413","-0,634","-0,18","0,454"
127,https://doi.org/10.1016/j.cplett.2015.10.008,2015,Pt0.8Ru0.1Sn0.1Oy/Ti,Pt_Ru_Sn_O,Pt_Ru_Sn_O,RHE,Ti,Ti,H2SO4,"0,5",1,20,"-0,03","0,25","1,002",,"0,25177","1,00377","0,752"
128,https://doi.org/10.1016/j.jpowsour.2015.09.051,2015,Pt-Pd-gCN-CB,Pt_Pd_C_N_C,Pt_Pd_C_N_C,SCE,GCE,C,NaOH,1,1,50,"13,79","-0,443","-0,132","93,1789669","-0,199","0,112","0,311"
129,https://doi.org/10.1039/C8NR04918A,2018,Pt3Fe NWs ,Pt_Fe,Pt_Fe,SCE,GCE,C,KOH,1,1,50,"13,79","-0,406","-0,106","57,2","-0,162","0,138","0,3"
130,https://doi.org/10.1002/cctc.201800188,2018,PtCu HCNFs,Pt_Cu,Pt_Cu,RHE,GCE,C,KOH,"0,5","0,5",50,"13,56","0,546","0,904",96,"-0,25404","0,10396","0,358"
131,https://doi.org/10.1039/c9na00317g,2019,Pd96Fe4/GCN,Pd_Fe_C,Pd_Fe_C,Hg/HgO,GCE,C,KOH,"0,5","0,1",50,"12,83","-0,315","-0,032","8,4","-0,455","-0,172","0,283"
132,https://doi.org/10.1016/j.jallcom.2017.11.322,2017,Pt77Pd23�ACSNDs/rGO,Pt_Pd_rGO,Pt_Pd_O_C,RHE,GCE,C,KOH,"0,5","0,5",50,"13,56","0,599","1,019","74,262","-0,20104","0,21896","0,42"
133,https://doi.org/10.1021/acssuschemeng.7b03047,2017,Pt46Cu54,Pt_Cu,Pt_Cu,Ag/AgCl,GCE,C,NaOH,"0,5","0,5",50,"13,56","-0,42","0,02",,"-0,221","0,219","0,44"
134,https://doi.org/10.1016/j.electacta.2013.10.194,2014,FeCo@Fe@Pd/C,Fe_Co_Fe_Pd_C,Fe_Co_Pd_C,Ag/AgCl,GCE,C,KOH,"0,5","0,5",25,"13,56","-0,48","-0,089","20,36","-0,281","0,11","0,391"
135,https://doi.org/10.1002/aenm.201800684,2019,Pt32Pd48Ni20 NSs,Pt_Pd_Ni,Pt_Pd_Ni,Ag/AgCl,GCD,C,KOH,"0,5","0,5",50,"13,56","-0,471","-0,188",,"-0,272","0,011","0,283"
136,https://doi.org/10.1088/1757-899X/702/1/012025,2019,P-dopedPt/MCNTs,Pt_P_CNT,Pt_P_C,Ag/AgCl,GCE,C,KOH,"0,5","0,5",50,"13,56","-0,5","-0,281","59,57","-0,301","-0,082","0,219"
137,https://doi.org/10.1016/j.colsurfa.2014.09.027,2014,Pd NP,Pd,Pd,Ag/AgCl,ITO,In_Sn_O,KOH,"0,5",5,50,"14,66","-0,44","-0,019","1,613","-0,241","0,18","0,421"
138,https://doi.org/10.1016/j.ijhydene.2017.08.112,2017,Pd-Fe3O4/C,Pd_Fe_O_C,Pd_Fe_O_C,SHE,GCE,C,KOH,1,"0,5",20,"13,45","-0,28","0,093","41,435761589404","-0,28","0,093","0,373"
139,https://doi.org/10.1039/c7nr06737b,2017,Au1Ag1,Au_Ag,Au_Ag,SCE,GCE,C,KOH,1,1,50,"13,79","-0,447","-0,113",,"-0,203","0,131","0,334"
139,https://doi.org/10.1039/c7nr06737b,2017,Pd1Ag1,Pd_Ag,Pd_Ag,SCE,GCE,C,KOH,1,1,50,"13,79","-0,457","-0,085",,"-0,213","0,159","0,372"
139,https://doi.org/10.1039/c7nr06737b,2017,Pd1Au1Ag1,Pd_Au_Ag,Pd_Au_Ag,SCE,GCE,C,KOH,1,1,50,"13,79","-0,468","-0,072",,"-0,224","0,172","0,396"
140,https://doi.org/10.1002/celc.201700640,2017,Pt4Co MDs,Pt_Co,Pt_Co,RHE,GCE,C,KOH,"0,5","0,5",50,"13,56","0,51","0,99","163,555","-0,29004","0,18996","0,48"
84,https://doi.org/10.1039/c5gc01243k,2016,Pt/ MWCNTs ,Pt_CNT,Pt_C,SCE,GCE,C,KOH,1,1,50,"13,79","-0,6","-0,208",,"-0,356","0,036","0,392"
84,https://doi.org/10.1039/c5gc01243k,2016,Pt/Ag@C,Pt_Ag_C,Pt_Ag_C,SCE,GCE,C,KOH,1,1,50,"13,79","-0,72","-0,139",,"-0,476","0,105","0,581"
141,https://doi.org/10.1039/c6nj03739a,2017,Pd/CP,Pd,Pd,NHE,CP,C,KOH,"0,3","0,1",20,"12,89","-0,16","0,18","42,144","-0,16","0,18","0,34"
141,https://doi.org/10.1039/c6nj03739a,2017,Pt/CP,Pt,Pt,NHE,CP,C,KOH,"0,3","0,1",20,"12,89","-0,29","0,314","204,605","-0,29","0,314","0,604"
142,https://doi.org/10.1039/c9ta08806g,2019,RhCuBUNNs,Rh_Cu,Rh_Cu,RHE,CC,C,KOH,"0,1","0,1",50,"12,96","0,53","0,799","27,7","-0,23464","0,0343600000000001","0,269"
143,https://doi.org/10.1016/j.cej.2024.150258,2024,PdMo,Pd_Mo_C,Pd_Mo_C,RHE,GCE,C,KOH,1,1,50,"13,79","0,721","1,04","0,1457","-0,09261","0,22639","0,319"
143,https://doi.org/10.1016/j.cej.2024.150258,2024,P-PdMo,P_Pd_Mo_C,P_Pd_Mo_C,RHE,GCE,C,KOH,1,1,50,"13,79","0,694","1,07","0,174","-0,11961","0,25639","0,376"
144,https://doi.org/10.1016/j.ijhydene.2017.05.124,2017,Pd1Ni1,Pd_Ni,Pd_Ni,Hg/HgO,GCE,C,KOH,"0,1","0,5",50,"13,67","-0,546","0,184",,"-0,686","0,044","0,73"
145,https://doi.org/10.1149/2.0821811jes,2018,Pt-CeO2/porous PANI,Pt_Ce_O_Org,Pt_Ce_O_C_N_O_H,RHE,GCE,C,H2SO4,"0,5","0,5",100,"0,24","0,686","0,91","30,478","0,67184","0,89584","0,224"
146,https://doi.org/10.1149/06403.1061ecst,2014,Pd/Vulcan,Pd_VC,Pd_C,SHE,GCE,C,KOH,"0,5","0,5",20,"13,56","-0,152","0,121","8,277","-0,152","0,121","0,273"
146,https://doi.org/10.1149/06403.1061ecst,2014,PdAu/OMCf2,Pd_Au_OMC,Pd_Au_C,SHE,GCE,C,KOH,"0,5","0,5",20,"13,56","-0,172","0,153","17,367","-0,172","0,153","0,325"
146,https://doi.org/10.1149/06403.1061ecst,2014,PdAu/MWCNTf1,Pd_Au_CNT,Pd_Au_C,SHE,GCE,C,KOH,"0,5","0,5",20,"13,56","-0,2","0,131","15,261","-0,2","0,131","0,331"
147,https://doi.org/10.1016/j.apcatb.2016.06.072,2017," Sb/Pt/C, ?Sb�=�0.81",Sb_Pt_C,Sb_Pt_C,RHE,GCE,C,HClO4,"0,1","0,2",50,"0,59","0,31","0,639",,"0,27519","0,60419","0,329"
148,https://doi.org/10.1016/j.jcis.2017.08.059,2018,Au@AuPd NFs/rGO�,Au_Au_Pd_rGO,Au_Pd_C,SCE,GCE,C,KOH,"0,5","0,5",50,"13,56","-0,335","-0,076","69,522","-0,091","0,168","0,259"
149,https://doi.org/10.1016/j.ijhydene.2016.12.100,2017,PdCu,Pd_Cu,Pd_Cu,RHE,GCE,C,KOH,"0,5","0,5",50,"13,56","-0,06","0,165","21,6","-0,86004","-0,63504","0,225"
150,https://doi.org/10.1021/acscatal.5b00183,2015,Pd-CNx/G,Pd_C_N_G,Pd_C_N,Hg/HgO,GCE,C,NaOH,"0,5","0,5",50,"13,56","-0,203","0,079","268,2553","-0,343","-0,061","0,282"
150,https://doi.org/10.1021/acscatal.5b00183,2015,Pd-CNx,Pd_C_N,Pd_C_N,Hg/HgO,GCE,C,NaOH,"0,5","0,5",50,"13,56","-0,203","0,089","281,6815","-0,343","-0,051","0,292"
151,https://doi.org/10.1016/j.jcis.2017.01.030,2017,PtAg NCs,Pt_Ag,Pt_Ag,RHE,GCE,C,KOH,"0,5","0,5",50,"13,56","0,406","0,93","77,91","-0,39404","0,12996","0,524"
152,https://doi.org/10.1016/j.jpowsour.2019.04.001,2019,Pt3Ni NRs,Pt_Ni,Pt_Ni,RHE,GCE,C,KOH,1,1,50,"13,79","0,565","0,959",,"-0,24861","0,14539","0,394"
153,https://doi.org/10.1021/ja412429f,2014,Pd4Bi,Pd_Bi,Pd_Bi,RHE,GCD,C,KOH,1,"0,1",50,"12,71","0,57","1,095","95,377","-0,17989","0,34511","0,525"
154,https://doi.org/10.1016/j.elecom.2014.06.007,2014,PtAgNTs,Pt_Ag,Pt_Ag,SCE,GCE,C,NaOH,"0,5","0,5",50,"13,56","-0,79","-0,121","158,7","-0,546","0,123","0,669"
155,https://doi.org/10.1016/j.jpowsour.2015.07.086,2015,PdAu(3:1)/CB,Pd_Au_C,Pd_Au_C,Hg/HgO,GCE,C,KOH,1,"0,5",20,"13,45","-0,3","0,042","96,097","-0,44","-0,098","0,342"
155,https://doi.org/10.1016/j.jpowsour.2015.07.086,2015,PdAg(3:1)/CB,Pd_Ag_C,Pd_Ag_C,Hg/HgO,GCE,C,KOH,1,"0,5",20,"13,45","-0,45","0,069","87,762","-0,59","-0,071","0,519"
